{"cameraMode":{"drawMode":0,"name":"Shaded","section":"Shading Mode"},"sceneLighting":true,"audioPlay":false,"sceneViewState":{"m_AlwaysRefresh":false,"showFog":true,"showSkybox":true,"showFlares":true,"showImageEffects":true,"showParticleSystems":true,"showVisualEffectGraphs":true,"m_FxEnabled":true},"in2DMode":false,"pivot":{"x":12.319389343261719,"y":9.913529396057129,"z":3.4264936447143556},"rotation":{"x":0.08338212221860886,"y":-0.3304460346698761,"z":-0.029317166656255723,"w":-0.9396893978118897},"size":12.109454154968262,"orthographic":false}