{"cameraMode":{"drawMode":0,"name":"Shaded","section":"Shading Mode"},"sceneLighting":true,"audioPlay":false,"sceneViewState":{"m_AlwaysRefresh":false,"showFog":true,"showSkybox":true,"showFlares":true,"showImageEffects":true,"showParticleSystems":true,"showVisualEffectGraphs":true,"m_FxEnabled":true},"in2DMode":false,"pivot":{"x":1268.8311767578125,"y":739.8442993164063,"z":-621.67041015625},"rotation":{"x":-0.00749945780262351,"y":-0.008148020133376122,"z":0.00006576778105227277,"w":-0.9999515414237976},"size":406.78375244140627,"orthographic":false}