{"cameraMode":{"drawMode":0,"name":"Shaded","section":"Shading Mode"},"sceneLighting":false,"audioPlay":false,"sceneViewState":{"m_AlwaysRefresh":false,"showFog":true,"showSkybox":false,"showFlares":true,"showImageEffects":true,"showParticleSystems":true,"showVisualEffectGraphs":true,"m_FxEnabled":true},"in2DMode":false,"pivot":{"x":3.512089729309082,"y":3.7647762298583986,"z":1.695134162902832},"rotation":{"x":0.11482473462820053,"y":0.42607370018959048,"z":-0.054625481367111209,"w":0.8957222700119019},"size":8.185873985290528,"orthographic":false}