{"cameraMode":{"drawMode":0,"name":"Shaded","section":"Shading Mode"},"sceneLighting":false,"audioPlay":false,"sceneViewState":{"m_AlwaysRefresh":false,"showFog":true,"showSkybox":false,"showFlares":true,"showImageEffects":true,"showParticleSystems":true,"showVisualEffectGraphs":true,"m_FxEnabled":true},"in2DMode":false,"pivot":{"x":-0.21565043926239015,"y":0.8323376774787903,"z":0.7558331489562988},"rotation":{"x":0.05184263736009598,"y":0.2778739333152771,"z":-0.01501929759979248,"w":0.9591077566146851},"size":2.9641928672790529,"orthographic":false}