{"cameraMode":{"drawMode":0,"name":"Shaded","section":"Shading Mode"},"sceneLighting":false,"audioPlay":false,"sceneViewState":{"m_AlwaysRefresh":false,"showFog":true,"showSkybox":false,"showFlares":true,"showImageEffects":true,"showParticleSystems":true,"showVisualEffectGraphs":true,"m_FxEnabled":true},"in2DMode":false,"pivot":{"x":0.03376629948616028,"y":-0.5775843858718872,"z":-2.1967928409576418},"rotation":{"x":-0.003673507133498788,"y":-0.9866544008255005,"z":0.16125087440013886,"w":-0.02247791551053524},"size":2.6691815853118898,"orthographic":false}