{"cameraMode":{"drawMode":0,"name":"Shaded","section":"Shading Mode"},"sceneLighting":false,"audioPlay":false,"sceneViewState":{"m_AlwaysRefresh":false,"showFog":true,"showSkybox":false,"showFlares":true,"showImageEffects":true,"showParticleSystems":true,"showVisualEffectGraphs":true,"m_FxEnabled":true},"in2DMode":false,"pivot":{"x":0.15185484290122987,"y":0.8260943293571472,"z":-0.5212650299072266},"rotation":{"x":-0.00035657751141116023,"y":-0.9995625019073486,"z":-0.013495225459337235,"w":0.026401905342936517},"size":1.5262548923492432,"orthographic":false}